DROP TABLE IF EXISTS "Ingredient";
CREATE TABLE "Ingredient" ("id" INTEGER PRIMARY KEY  AUTOINCREMENT  NOT NULL  UNIQUE , "name" TEXT, "catagory_id" INTEGER);
INSERT INTO "Ingredient" VALUES(1,'Milk',1);
INSERT INTO "Ingredient" VALUES(2,'Cream',1);
INSERT INTO "Ingredient" VALUES(3,'Vodka',2);
INSERT INTO "Ingredient" VALUES(4,'Rum (white)',2);
INSERT INTO "Ingredient" VALUES(5,'Rum (dark)',2);
INSERT INTO "Ingredient" VALUES(6,'Tequila',2);
INSERT INTO "Ingredient" VALUES(7,'Gin',2);
INSERT INTO "Ingredient" VALUES(8,'Vodka (Vanilla)',2);
INSERT INTO "Ingredient" VALUES(9,'Vodka (lemon)',2);
INSERT INTO "Ingredient" VALUES(10,'Cointreau',3);
INSERT INTO "Ingredient" VALUES(11,'Kahlua',3);
INSERT INTO "Ingredient" VALUES(12,'White',4);
INSERT INTO "Ingredient" VALUES(13,'Red',4);
INSERT INTO "Ingredient" VALUES(14,'Rose',4);
INSERT INTO "Ingredient" VALUES(15,'Orange juice',5);
INSERT INTO "Ingredient" VALUES(16,'Cranberry juice',5);
INSERT INTO "Ingredient" VALUES(17,'Cola',5);
INSERT INTO "Ingredient" VALUES(18,'Tonic water',5);
INSERT INTO "Ingredient" VALUES(19,'Club soda',5);
INSERT INTO "Ingredient" VALUES(20,'Sprite',5);
INSERT INTO "Ingredient" VALUES(21,'Lime',6);
INSERT INTO "Ingredient" VALUES(22,'Lemon',6);
INSERT INTO "Ingredient" VALUES(23,'Grenadine',6);
INSERT INTO "Ingredient" VALUES(24,'Mint',6);
INSERT INTO "Ingredient" VALUES(25,'Sugar (white)',7);
INSERT INTO "Ingredient" VALUES(26,'Sugar (brown)',7);
INSERT INTO "Ingredient" VALUES(27,'Sourz Apple',3);
INSERT INTO "Ingredient" VALUES(28,'Sourz Pineapple',3);
INSERT INTO "Ingredient" VALUES(29,'Sourz Rasberry',3);
INSERT INTO "Ingredient" VALUES(30,'Crushed ice',8);
INSERT INTO "Ingredient" VALUES(31,'Ice cubes',8);
INSERT INTO "Ingredient" VALUES(32,'Shaved ice',8);
DROP TABLE IF EXISTS "ingredientCategories";
CREATE TABLE "ingredientCategories" ("id" INTEGER PRIMARY KEY  AUTOINCREMENT  NOT NULL  UNIQUE , "catName" TEXT);
INSERT INTO "ingredientCategories" VALUES(1,'Milk products');
INSERT INTO "ingredientCategories" VALUES(2,'Base');
INSERT INTO "ingredientCategories" VALUES(3,'Liqueur');
INSERT INTO "ingredientCategories" VALUES(4,'Wine');
INSERT INTO "ingredientCategories" VALUES(5,'Juices and lemonade');
INSERT INTO "ingredientCategories" VALUES(6,'Decoration');
INSERT INTO "ingredientCategories" VALUES(7,'Other');
INSERT INTO "ingredientCategories" VALUES(8,'Ice');
DROP TABLE IF EXISTS "RecepieIngredientConnection";
CREATE TABLE "RecepieIngredientConnection" ("id" INTEGER PRIMARY KEY  AUTOINCREMENT  NOT NULL  UNIQUE , "recipie_id" INTEGER, "ingredient_id" INTEGER, "amount" TEXT);
INSERT INTO "RecepieIngredientConnection" VALUES(1,1,3,"4 cl");
INSERT INTO "RecepieIngredientConnection" VALUES(2,1,15,"Top with");
INSERT INTO "RecepieIngredientConnection" VALUES(3,2,4,"5 cl");
INSERT INTO "RecepieIngredientConnection" VALUES(4,2,21,"3 wedges");
INSERT INTO "RecepieIngredientConnection" VALUES(5,2,25,"Pinch of");
INSERT INTO "RecepieIngredientConnection" VALUES(6,2,24,"A few leaves of");
INSERT INTO "RecepieIngredientConnection" VALUES(7,2,19,"Top with");
INSERT INTO "RecepieIngredientConnection" VALUES(8,3,7,"4 cl");
INSERT INTO "RecepieIngredientConnection" VALUES(9,3,18,"Top with");
INSERT INTO "RecepieIngredientConnection" VALUES(10,3,22,"1 wedge");
INSERT INTO "RecepieIngredientConnection" VALUES(11,4,1,"Top with");
INSERT INTO "RecepieIngredientConnection" VALUES(12,4,3,"2 cl");
INSERT INTO "RecepieIngredientConnection" VALUES(13,4,11,"4 cl");
INSERT INTO "RecepieIngredientConnection" VALUES(14,5,4,"4 cl");
INSERT INTO "RecepieIngredientConnection" VALUES(15,5,17,"Top with");
INSERT INTO "RecepieIngredientConnection" VALUES(16,5,21,"1 wedge");
INSERT INTO "RecepieIngredientConnection" VALUES(17,6,3,"4 cl");
INSERT INTO "RecepieIngredientConnection" VALUES(18,6,21,"6 wedges");
INSERT INTO "RecepieIngredientConnection" VALUES(19,6,25,"Pinch of");
INSERT INTO "RecepieIngredientConnection" VALUES(20,7,6,"4 cl");
INSERT INTO "RecepieIngredientConnection" VALUES(21,7,15,"Top with");
INSERT INTO "RecepieIngredientConnection" VALUES(22,7,23,"Splash of");
INSERT INTO "RecepieIngredientConnection" VALUES(23,8,9,"2 cl");
INSERT INTO "RecepieIngredientConnection" VALUES(24,8,10,"2 cl");
INSERT INTO "RecepieIngredientConnection" VALUES(25,8,16,"Top with");
INSERT INTO "RecepieIngredientConnection" VALUES(26,8,21,"2 wedges");
INSERT INTO "RecepieIngredientConnection" VALUES(27,9,27,"2 cl");
INSERT INTO "RecepieIngredientConnection" VALUES(28,9,8,"2 cl");
INSERT INTO "RecepieIngredientConnection" VALUES(29,9,20,"Top with");
INSERT INTO "RecepieIngredientConnection" VALUES(30,9,21,"2 wedges");
INSERT INTO "RecepieIngredientConnection" VALUES(31,10,8,"2 cl");
INSERT INTO "RecepieIngredientConnection" VALUES(32,10,28,"2 cl");
INSERT INTO "RecepieIngredientConnection" VALUES(33,10,20,"Top with");
INSERT INTO "RecepieIngredientConnection" VALUES(34,10,21,"2 wedges");
INSERT INTO "RecepieIngredientConnection" VALUES(35,1,31,"Fill glass with");
INSERT INTO "RecepieIngredientConnection" VALUES(36,3,31,"Fill glass with");
INSERT INTO "RecepieIngredientConnection" VALUES(37,5,31,"Fill glass with");
DROP TABLE IF EXISTS "Drinks";
CREATE TABLE "Recepie" ("id" INTEGER PRIMARY KEY  NOT NULL ,"name" TEXT,"stars" INTEGER,"image" TEXT,"howtodo" TEXT DEFAULT (null), "isFavorite" INTEGER NOT NULL  DEFAULT 0);
INSERT INTO "Recepie" VALUES(1,'Screwdriver',4,'R.drawable.screwdriver','Fill highball glass with ice and add the ingredients.',1);
INSERT INTO "Recepie" VALUES(2,'Mojito',3,'R.drawable.mojito','Muddle the mint, sugar and lime. Fill the glass with ice and add the rum, finally top it of with the club soda.',0);
INSERT INTO "Recepie" VALUES(3,'Gin & Tonic',5,'R.drawable.gintonic','Fill the glass with ice, add the gin and top it off with tonic water. Decorate with the lemon wedge.',0);
INSERT INTO "Recepie" VALUES(4,'White Russian',2,'R.drawable.whiterussian','Mix the vodka and the kahlua and top it off with milk.',1);
INSERT INTO "Recepie" VALUES(5,'Cuba Libre',4,'R.drawable.cubalibre','Fill glass with ice, and rum, top off with cola and decorate with lime.',1);
INSERT INTO "Recepie" VALUES(6,'Caprinoska',5,'R.drawable.caprinoska','Muddle lime and sugar and add the vodka.',0);
INSERT INTO "Recepie" VALUES(7,'Tequila Sunrise',2,'R.drawable.tequilasunrise','Mix tequila and juice in a glass and add a splash of grenadine.',0);
INSERT INTO "Recepie" VALUES(8,'Cosmopolitan',3,'R.drawable.cosmopolitan','Mix the vodka and the Cointreau, top the glass with cranberry juice and decorate with lime.',0);
INSERT INTO "Recepie" VALUES(9,'P2',2,'R.drawable.p2','Mix the vodka and sourz, top with sprite and decorate with lime.',0);
INSERT INTO "Recepie" VALUES(10,'Vanilla Sky',3,'R.drawable.vanillasky','Mix the vodka and the sourz, top with the sprite and decorate with lime.',0);
